agency,sido,sigungu,lat,lon,total,violent,theft,sexual,fraud,traffic,night,other
강원특별자치도경찰청,강원특별자치도,강릉시,37.7521080804166,128.875906144832,6252,1217,649,141,1678,1104,99,1364
강원특별자치도경찰청,강원특별자치도,고성군,38.3805924324305,128.467866303854,806,139,83,16,193,180,10,185
강원특별자치도경찰청,강원특별자치도,동해시,37.5247415047848,129.114299292997,1966,427,188,41,482,320,26,482
강원특별자치도경찰청,강원특별자치도,삼척시,37.4498976007987,129.165111673939,1607,299,167,41,480,264,26,330
강원특별자치도경찰청,강원특별자치도,속초시,38.2068943352589,128.591938589225,3246,557,264,65,921,525,194,720
강원특별자치도경찰청,강원특별자치도,양구군,38.1100012808233,127.989950629015,495,100,59,16,111,96,7,106
강원특별자치도경찰청,강원특별자치도,양양군,38.0755111735392,128.619079851708,884,186,76,30,132,250,5,205
강원특별자치도경찰청,강원특별자치도,영월군,37.1836860419283,128.461783934728,985,162,68,25,259,209,19,243
강원특별자치도경찰청,강원특별자치도,원주시,37.3420475880603,127.92009712318,11427,1502,1125,270,3381,2075,159,2915
강원특별자치도경찰청,강원특별자치도,인제군,38.069709741838,128.170351505777,817,92,47,18,296,167,12,185
강원특별자치도경찰청,강원특별자치도,정선군,37.3805844996062,128.660813602082,1271,190,208,28,289,229,29,298
강원특별자치도경찰청,강원특별자치도,철원군,38.146791988083,127.313379851684,1172,153,83,31,457,160,12,276
강원특별자치도경찰청,강원특별자치도,춘천시,37.8812440340088,127.730207024668,8662,1164,817,208,2482,1612,127,2252
강원특별자치도경찰청,강원특별자치도,태백시,37.1640074201872,128.985725257053,1062,159,120,17,282,264,14,206
강원특별자치도경찰청,강원특별자치도,평창군,37.3707820404541,128.39016179013,1184,176,82,24,287,330,15,270
강원특별자치도경찰청,강원특별자치도,홍천군,37.6971673162731,127.888684130433,1911,290,177,47,500,384,16,497
강원특별자치도경찰청,강원특별자치도,화천군,38.1061819512293,127.70815057883,611,101,42,22,175,82,22,167
강원특별자치도경찰청,강원특별자치도,횡성군,37.4917831601354,127.985079956092,1109,139,102,21,279,277,10,281
경기북부경찰청,경기도,가평군,37.8314413100686,127.509570182184,2314,308,139,51,757,342,15,702
경기북부경찰청,경기도,고양시,37.6751982696279,126.750669084916,26595,3797,2645,679,7828,3548,447,7651
경기남부경찰청,경기도,과천시,37.4292291986772,126.987711960677,1677,182,327,25,559,155,30,399
경기남부경찰청,경기도,광명시,37.4785674780314,126.864647815161,7241,1100,872,139,2172,868,73,2017
경기남부경찰청,경기도,광주시,37.4293941934866,127.255138719721,11494,1682,1015,192,3617,2144,93,2751
경기북부경찰청,경기도,구리시,37.5943595777621,127.129646382723,5387,714,572,149,1447,952,48,1505
경기남부경찰청,경기도,군포시,37.3616318289596,126.935205932727,6274,778,876,139,2162,757,49,1513
경기남부경찰청,경기도,김포시,37.6152686898333,126.715657922927,16015,2073,1964,253,5198,2599,239,3689
경기북부경찰청,경기도,남양주시,37.6360272346499,127.21648030719,17045,2284,1566,416,5190,2487,108,4994
경기북부경찰청,경기도,동두천시,37.9035986489851,127.060440729219,3077,569,360,100,862,383,39,764
경기남부경찰청,경기도,부천시,37.5035117792843,126.766038450927,26541,3903,3659,627,7752,3458,373,6769
경기남부경찰청,경기도,성남시,37.4305990144629,127.137231710025,28987,3885,3074,658,8728,4035,211,8396
경기남부경찰청,경기도,수원시,37.2826740965805,127.020135072307,40371,5270,5042,1278,13034,5690,782,9275
경기남부경찰청,경기도,시흥시,37.380115071596,126.802977796436,18852,2626,1726,393,4988,4305,433,4381
경기남부경찰청,경기도,안산시,37.3009718344206,126.846482563885,24971,3772,2722,621,7221,4169,321,6145
경기남부경찰청,경기도,안성시,37.0080705033718,127.27979032841,6324,845,680,108,1786,1317,55,1533
경기남부경찰청,경기도,안양시,37.3867040506795,126.932510436351,12683,1821,1596,388,3720,1889,117,3152
경기북부경찰청,경기도,양주시,37.7853136973154,127.045786084702,7103,1084,660,150,2006,1218,59,1926
경기남부경찰청,경기도,양평군,37.4917882876857,127.487578470072,3797,488,288,67,1401,557,22,974
경기남부경찰청,경기도,여주시,37.2984233734535,127.637058787484,3715,438,298,77,1160,913,55,774
경기북부경찰청,경기도,연천군,38.0965186516052,127.075351220883,1520,279,131,24,401,164,32,489
경기남부경찰청,경기도,오산시,37.1498790159121,127.077526548914,8246,1269,953,181,2302,1360,124,2057
경기남부경찰청,경기도,용인시,37.2343060386837,127.201357139725,25505,3274,3200,563,8036,4013,160,6259
경기남부경찰청,경기도,의왕시,37.3447600461022,126.968273810339,3307,364,237,78,972,907,28,721
경기북부경찰청,경기도,의정부시,37.7380566430617,127.033899090337,13724,2146,1475,383,4277,1699,301,3443
경기남부경찰청,경기도,이천시,37.2722675901776,127.435089282738,6965,968,605,170,2134,1402,55,1631
경기북부경찰청,경기도,파주시,37.7600413844134,126.779876830607,15840,2081,1421,389,5661,2113,224,3951
경기남부경찰청,경기도,평택시,36.992260674533,127.112688386546,26803,3445,2436,519,7638,5652,793,6320
경기북부경찰청,경기도,포천시,37.8949928340087,127.200332890652,4987,724,411,110,1328,915,83,1416
경기남부경찰청,경기도,하남시,37.5392745653538,127.214860598563,9339,1049,876,174,3268,1260,62,2650
경기남부경찰청,경기도,화성시,37.199537203472,126.831477350333,27300,3514,2895,555,7978,5194,257,6907
경상남도경찰청,경상남도,거제시,34.8805390453824,128.621129462965,7795,1188,856,188,2110,1628,54,1771
경상남도경찰청,경상남도,거창군,35.6866846276583,127.90950298922,1275,225,128,17,414,197,7,287
경상남도경찰청,경상남도,고성군,34.9730618412556,128.32236130677,1309,178,126,24,437,284,12,248
경상남도경찰청,경상남도,김해시,35.2285653558628,128.88936269803,15900,2176,2429,300,4125,2838,201,3831
경상남도경찰청,경상남도,남해군,34.8377105516625,127.892653227935,804,119,65,14,273,175,5,153
경상남도경찰청,경상남도,밀양시,35.503817270728,128.74660754822,3207,497,246,64,809,667,48,876
경상남도경찰청,경상남도,사천시,35.0036771766938,128.064212593324,3029,506,267,70,881,552,29,724
경상남도경찰청,경상남도,산청군,35.4155303921184,127.873349988179,637,99,45,9,141,187,6,150
경상남도경찰청,경상남도,양산시,35.3349920568258,129.037272788806,9939,1486,1380,202,2893,1538,119,2321
경상남도경찰청,경상남도,의령군,35.3222352197819,128.261686482096,648,128,40,11,203,89,15,162
경상남도경찰청,경상남도,진주시,35.1802228341544,128.107706335688,11750,1419,3046,201,3446,1391,76,2171
경상남도경찰청,경상남도,창녕군,35.5446153780508,128.492168076007,1707,228,155,22,569,335,19,379
경상남도경찰청,경상남도,창원시,35.133429785687,128.710188416055,28543,4356,3665,606,9077,3871,290,6678
경상남도경찰청,경상남도,통영시,34.8544448244005,128.43314921138,3910,781,424,91,962,747,24,881
경상남도경찰청,경상남도,하동군,35.06730559523,127.751308023408,1039,163,95,21,293,246,9,212
경상남도경찰청,경상남도,함안군,35.2724068411845,128.406423514752,1657,196,89,24,598,357,8,385
경상남도경찰청,경상남도,함양군,35.5205271695153,127.725160459865,890,110,63,14,212,272,7,212
경상남도경찰청,경상남도,합천군,35.5666703386375,128.165790828628,926,152,99,9,228,166,27,245
경상북도경찰청,경상북도,경산시,35.8250815854681,128.741316589036,8534,1124,921,178,3032,1221,61,1997
경상북도경찰청,경상북도,경주시,35.8562184605051,129.22478171309,7352,1012,1054,149,2001,1482,63,1591
경상북도경찰청,경상북도,고령군,35.7260653208408,128.262895757558,740,114,79,17,198,132,14,186
경상북도경찰청,경상북도,구미시,36.1195708487143,128.344246361062,12983,1573,1754,289,4182,2082,173,2930
경상북도경찰청,경상북도,군위군,36.2429130850542,128.572814786608,0,0,0,0,0,0,0,0
경상북도경찰청,경상북도,김천시,36.1398881671651,128.11362447591,3581,510,385,67,968,704,76,871
경상북도경찰청,경상북도,문경시,36.5865273680414,128.186771917242,1680,259,235,30,502,284,18,352
경상북도경찰청,경상북도,봉화군,36.8931350959352,128.732386681867,499,87,59,8,116,117,7,105
경상북도경찰청,경상북도,상주시,36.4109398001854,128.159145076992,2492,346,357,33,753,373,49,581
경상북도경찰청,경상북도,성주군,35.9190934037265,128.282934640557,1300,170,146,27,348,261,27,321
경상북도경찰청,경상북도,안동시,36.5684607632482,128.729587379397,3947,561,401,115,1252,690,125,803
경상북도경찰청,경상북도,영덕군,36.4150618798074,129.365306771359,1053,185,111,17,302,186,8,244
경상북도경찰청,경상북도,영양군,36.6667028574142,129.112510246081,307,68,40,2,88,54,3,52
경상북도경찰청,경상북도,영주시,36.8056192756897,128.62393703546,2236,439,199,44,553,432,31,538
경상북도경찰청,경상북도,영천시,35.9732205043311,128.938550862058,2788,441,282,52,819,577,16,601
경상북도경찰청,경상북도,예천군,36.6576538637802,128.45292491125,1334,177,115,24,445,319,13,241
경상북도경찰청,경상북도,울릉군,37.4844415929913,130.905712808465,174,25,5,5,51,30,1,57
경상북도경찰청,경상북도,울진군,36.9930349161236,129.400547024063,1208,180,111,14,342,238,19,304
경상북도경찰청,경상북도,의성군,36.3527164442425,128.697077816076,1122,143,161,14,326,245,22,211
경상북도경찰청,경상북도,청도군,35.6473848149493,128.734015262482,1214,206,171,19,291,255,24,248
경상북도경찰청,경상북도,청송군,36.4362299589905,129.057070558406,665,136,59,12,128,166,8,156
경상북도경찰청,경상북도,칠곡군,35.9955896857131,128.401662171953,3521,528,275,63,1089,690,50,826
경상북도경찰청,경상북도,포항시,36.0418733741144,129.365733082694,13793,1777,1923,319,3890,2665,149,3070
광주광역시경찰청,광주광역시,광산구,35.1395471867541,126.793633444381,12679,1828,1658,318,4167,1953,166,2589
광주광역시경찰청,광주광역시,남구,35.1329053877212,126.902449336508,5046,702,759,109,1508,903,36,1029
광주광역시경찰청,광주광역시,동구,35.1461666691507,126.923095112877,4051,674,560,103,1169,547,34,964
광주광역시경찰청,광주광역시,북구,35.1741733740384,126.912012078919,12188,1449,1877,266,3961,2094,103,2438
광주광역시경찰청,광주광역시,서구,35.1520722691304,126.890187526298,11343,1654,1246,286,3443,1887,150,2677
대구광역시경찰청,대구광역시,군위군,36.2429130850542,128.572814786608,542,79,93,7,109,143,2,109
대구광역시경찰청,대구광역시,남구,35.8460409913891,128.597678619113,5113,773,682,121,1557,692,57,1231
대구광역시경찰청,대구광역시,달서구,35.8298871998368,128.532774031817,15127,2194,1965,365,4550,2335,216,3502
대구광역시경찰청,대구광역시,달성군,35.7744738663997,128.431220139822,5761,789,912,122,1444,1128,49,1317
대구광역시경찰청,대구광역시,동구,35.8866236166113,128.635524099685,10336,1671,1244,238,3102,1332,110,2639
대구광역시경찰청,대구광역시,북구,35.8856706679539,128.582904911877,10815,1581,1553,242,3334,1628,110,2367
대구광역시경찰청,대구광역시,서구,35.871667578513,128.559154246787,5954,982,1025,117,1594,797,49,1390
대구광역시경찰청,대구광역시,수성구,35.8581745018633,128.630635463648,10735,1431,990,262,3917,1534,112,2489
대구광역시경찰청,대구광역시,중구,35.8693892533552,128.606220516052,6358,1000,1188,286,1504,813,70,1497
대전광역시경찰청,대전광역시,대덕구,36.3467051322814,127.415561890628,5141,818,546,126,1462,842,24,1323
대전광역시경찰청,대전광역시,동구,36.3117768357133,127.454807132217,7869,1274,1023,201,2635,879,50,1807
대전광역시경찰청,대전광역시,서구,36.3554987200544,127.383789715873,15910,2541,1873,466,5338,2017,158,3517
대전광역시경찰청,대전광역시,유성구,36.3622851114392,127.356257593324,9639,1236,1064,255,3221,1547,50,2266
대전광역시경찰청,대전광역시,중구,36.3257812272141,127.421339922096,8582,1548,1172,216,2981,913,46,1706
부산광역시경찰청,부산광역시,강서구,35.2121979518668,128.980570557383,5172,632,446,96,1640,847,44,1467
부산광역시경찰청,부산광역시,금정구,35.2427770500592,129.092104076105,6289,863,878,181,1981,627,89,1670
부산광역시경찰청,부산광역시,기장군,35.2444181044945,129.222422056732,5392,664,448,117,1732,828,59,1544
부산광역시경찰청,부산광역시,남구,35.1365297909396,129.084242837166,8674,1044,862,306,3193,681,79,2509
부산광역시경찰청,부산광역시,동구,35.129266800067,129.045305770374,4359,737,567,94,1333,483,72,1073
부산광역시경찰청,부산광역시,동래구,35.1963015621029,129.093857800257,7797,1118,1264,164,2425,721,142,1963
부산광역시경찰청,부산광역시,부산진구,35.1628554465167,129.053165443787,17497,2871,2678,506,5286,1537,284,4335
부산광역시경찰청,부산광역시,북구,35.197295941285,128.990036594502,7322,906,1137,119,2730,598,95,1737
부산광역시경찰청,부산광역시,사상구,35.1525491845594,128.991456532626,7011,1081,797,142,2403,913,114,1561
부산광역시경찰청,부산광역시,사하구,35.1044479031499,128.974932970702,7787,1229,952,179,2498,770,121,2038
부산광역시경찰청,부산광역시,서구,35.0979235209887,129.024298440459,3642,477,662,58,1179,358,37,871
부산광역시경찰청,부산광역시,수영구,35.1455382251689,129.113133962139,5598,1019,795,166,1253,776,53,1536
부산광역시경찰청,부산광역시,연제구,35.176211194352,129.079745921308,7585,1091,833,237,2309,620,270,2225
부산광역시경찰청,부산광역시,영도구,35.0912398945905,129.067888802321,2871,491,443,52,812,288,31,754
부산광역시경찰청,부산광역시,중구,35.1062269835896,129.032373132261,3517,650,574,74,1036,307,22,854
부산광역시경찰청,부산광역시,해운대구,35.1630666685425,129.16359608401,11861,1409,1674,278,3823,1180,139,3358
서울특별시경찰청,서울특별시,강남구,37.5173319258532,127.047377408384,31705,3377,2094,1026,12388,2991,943,8886
서울특별시경찰청,서울특별시,강동구,37.5301933196159,127.123792501252,11267,1531,1662,321,3351,1028,103,3271
서울특별시경찰청,서울특별시,강북구,37.6397513275882,127.025538071854,8620,1179,968,253,2724,747,90,2659
서울특별시경찰청,서울특별시,강서구,37.5509646154244,126.849533759514,15073,2072,1671,527,4926,1374,208,4295
서울특별시경찰청,서울특별시,관악구,37.4783683761333,126.951561853868,16539,2185,1967,633,5659,1125,213,4757
서울특별시경찰청,서울특별시,광진구,37.5385583136667,127.082385189457,9803,1318,1321,406,2866,899,124,2869
서울특별시경찰청,서울특별시,구로구,37.4954330863648,126.88750531451,11726,1628,1572,341,3802,900,145,3338
서울특별시경찰청,서울특별시,금천구,37.4568411485785,126.895456780023,8965,1006,887,227,3482,817,81,2465
서울특별시경찰청,서울특별시,노원구,37.6543617567057,127.056430475216,10005,1453,1506,318,2756,918,102,2952
서울특별시경찰청,서울특별시,도봉구,37.6686914100284,127.04721049936,6356,870,800,156,2077,461,52,1940
서울특별시경찰청,서울특별시,동대문구,37.5745229817122,127.039657001091,10817,1481,1618,250,3327,1265,127,2749
서울특별시경찰청,서울특별시,동작구,37.5124820423519,126.93931505634,9014,1196,1091,311,2951,828,277,2360
서울특별시경찰청,서울특별시,마포구,37.5662141900954,126.901955141101,13488,1926,1469,778,3680,1402,147,4086
서울특별시경찰청,서울특별시,서대문구,37.579161863979,126.9368156604,7453,905,1012,261,2504,631,72,2068
서울특별시경찰청,서울특별시,서초구,37.4835888228545,127.032689317952,17238,1835,1587,557,5838,1787,240,5394
서울특별시경찰청,서울특별시,성동구,37.563427205337,127.036930141185,8798,1047,968,237,3320,768,107,2351
서울특별시경찰청,서울특별시,성북구,37.5893588153919,127.016702905651,9158,1157,884,271,3299,933,59,2555
서울특별시경찰청,서울특별시,송파구,37.51458371944,127.10591770866,18321,2364,2500,559,6365,1767,194,4572
서울특별시경찰청,서울특별시,양천구,37.5169884752609,126.866501409661,9869,1378,1513,188,2988,861,92,2849
서울특별시경찰청,서울특별시,영등포구,37.5263671784802,126.896278443882,15467,2089,1790,475,5043,1683,190,4197
서울특별시경찰청,서울특별시,용산구,37.5324310391314,126.990582345331,10736,1961,1072,390,2802,978,201,3332
서울특별시경찰청,서울특별시,은평구,37.6028174370823,126.928940981464,10708,1579,1520,289,3370,968,78,2904
서울특별시경찰청,서울특별시,종로구,37.5735042429813,126.978989954189,10015,1375,1180,337,3242,715,78,3088
서울특별시경찰청,서울특별시,중구,37.5638077703601,126.997555182293,9919,1396,1410,279,2628,717,72,3417
서울특별시경찰청,서울특별시,중랑구,37.6065432383919,127.092820287004,10744,1596,1439,268,3296,1051,95,2999
울산광역시경찰청,울산광역시,남구,35.5438097037164,129.330091790832,11114,1662,955,311,3216,1657,121,3192
울산광역시경찰청,울산광역시,동구,35.5046358750471,129.416487775874,4008,734,498,86,1023,717,33,917
울산광역시경찰청,울산광역시,북구,35.5827469957224,129.361146675229,4978,712,712,81,1111,1265,63,1034
울산광역시경찰청,울산광역시,울주군,35.6018157675291,129.150267145781,6029,761,507,123,2039,1209,40,1350
울산광역시경찰청,울산광역시,중구,35.5693352250354,129.332494084524,4781,696,530,136,1352,763,66,1238
인천광역시경찰청,인천광역시,강화군,37.7465683959168,126.488039602372,1800,314,168,40,449,346,19,464
인천광역시경찰청,인천광역시,계양구,37.5375028862627,126.737709165274,7963,1163,825,217,2499,965,65,2229
인천광역시경찰청,인천광역시,남동구,37.4473487903571,126.73148773974,15488,2234,1242,458,4957,2060,260,4277
인천광역시경찰청,인천광역시,동구,37.4738609917963,126.643281922795,1237,206,206,37,321,145,13,309
인천광역시경찰청,인천광역시,미추홀구,37.4570756444157,126.664971932721,15339,2428,1444,450,4794,1904,300,4019
인천광역시경찰청,인천광역시,부평구,37.5070416636403,126.721864167603,15875,2728,2143,511,4515,1768,222,3988
인천광역시경찰청,인천광역시,서구,37.5454335160344,126.676028468221,16771,2145,1356,510,5711,2211,180,4658
인천광역시경찰청,인천광역시,연수구,37.4101049829036,126.678274835103,9903,1375,1185,236,3314,1026,112,2655
인천광역시경찰청,인천광역시,옹진군,37.9534650042648,124.670086072277,418,65,15,14,86,88,7,143
인천광역시경찰청,인천광역시,중구,37.4736605302972,126.621704022591,7858,948,791,196,2613,1104,157,2049
전라남도경찰청,전라남도,강진군,34.6420615268858,126.767213471898,810,142,80,16,192,214,6,160
전라남도경찰청,전라남도,고흥군,34.6110820210903,127.284968746855,1399,267,146,25,349,354,8,250
전라남도경찰청,전라남도,곡성군,35.2820258392354,127.291929639637,632,87,56,9,137,175,43,125
전라남도경찰청,전라남도,광양시,34.9404252535168,127.695930772808,4519,649,400,99,1412,920,34,1005
전라남도경찰청,전라남도,구례군,35.202496361707,127.46270363657,576,98,73,8,124,113,6,154
전라남도경찰청,전라남도,나주시,35.0158976865702,126.71082925505,3369,467,352,51,937,757,36,769
전라남도경찰청,전라남도,담양군,35.3212107735503,126.988210711052,999,140,110,18,217,309,8,197
전라남도경찰청,전라남도,목포시,34.8118238820031,126.392266004669,8796,1227,963,222,2964,1514,80,1826
전라남도경찰청,전라남도,무안군,34.9903406227336,126.481704827288,2286,316,236,48,563,479,109,535
전라남도경찰청,전라남도,보성군,34.7713202357687,127.079832711022,946,145,115,16,209,263,14,184
전라남도경찰청,전라남도,순천시,34.9506097806669,127.487382934915,7941,1294,765,190,2457,1505,113,1617
전라남도경찰청,전라남도,신안군,34.8336429223321,126.35140802381,696,122,87,16,191,113,8,159
전라남도경찰청,전라남도,여수시,34.7604010648257,127.662331251572,8295,1320,713,160,2473,1664,88,1877
전라남도경찰청,전라남도,영광군,35.27719003326,126.512013797425,1162,197,135,26,261,229,2,312
전라남도경찰청,전라남도,영암군,34.8000591144742,126.696762590551,1522,261,135,31,360,433,23,279
전라남도경찰청,전라남도,완도군,34.3109789170971,126.754998729552,1260,229,162,20,326,275,12,236
전라남도경찰청,전라남도,장성군,35.3018576771354,126.784918877012,1112,158,142,27,247,301,6,231
전라남도경찰청,전라남도,장흥군,34.6816120675651,126.907058431105,942,151,88,13,248,203,4,235
전라남도경찰청,전라남도,진도군,34.486828620348,126.263446186439,873,153,110,15,205,207,12,171
전라남도경찰청,전라남도,함평군,35.0659111691242,126.516624840635,733,112,111,12,144,185,3,166
전라남도경찰청,전라남도,해남군,34.573516588485,126.599270065365,1642,274,158,26,435,407,14,328
전라남도경찰청,전라남도,화순군,35.0645119791204,126.986502436773,1408,214,141,24,497,256,17,259
전북특별자치도경찰청,전북특별자치도,고창군,35.4356982163483,126.702120365321,1234,189,77,35,432,206,11,284
전북특별자치도경찰청,전북특별자치도,군산시,35.9674665619218,126.736840487468,8144,1107,747,212,2414,1317,41,2306
전북특별자치도경찰청,전북특별자치도,김제시,35.8035852810186,126.880655083014,1951,293,162,38,523,469,13,453
전북특별자치도경찰청,전북특별자치도,남원시,35.4163627529983,127.390396427422,1939,314,241,41,597,321,27,398
전북특별자치도경찰청,전북특별자치도,무주군,36.0068437431522,127.660806341147,539,74,30,15,190,109,5,116
전북특별자치도경찰청,전북특별자치도,부안군,35.7316614171428,126.733020152545,1010,159,101,25,300,191,5,229
전북특별자치도경찰청,전북특별자치도,순창군,35.3744452332964,127.137364881069,444,62,39,11,102,132,6,92
전북특별자치도경찰청,전북특별자치도,완주군,35.9048145963422,127.162119017463,2190,304,224,50,584,486,16,526
전북특별자치도경찰청,전북특별자치도,익산시,35.9482628600199,126.957744486694,8727,1194,1026,201,2746,1168,59,2333
전북특별자치도경찰청,전북특별자치도,임실군,35.6178545082349,127.289087482791,466,52,51,11,126,119,4,103
전북특별자치도경찰청,전북특별자치도,장수군,35.6473479775044,127.521599117387,405,60,42,10,125,85,3,80
전북특별자치도경찰청,전북특별자치도,전주시,35.8122369480273,127.119796025934,19943,2647,2667,543,6389,2823,153,4721
전북특별자치도경찰청,전북특별자치도,정읍시,35.5698780259932,126.856005647439,2594,427,443,37,641,454,23,569
전북특별자치도경찰청,전북특별자치도,진안군,35.7917723036092,127.424865465441,529,65,47,7,211,92,7,100
제주특별자치도경찰청,제주특별자치도,서귀포시,33.2540646255037,126.559563466911,7556,1243,791,145,2205,1344,44,1784
제주특별자치도경찰청,제주특별자치도,제주시,33.499534241198,126.531171087132,21606,3331,2257,479,7409,3366,144,4620
충청남도경찰청,충청남도,계룡시,36.2745589958326,127.248542561419,524,70,45,18,131,98,4,158
충청남도경찰청,충청남도,공주시,36.4465551158227,127.11905504092,3005,321,244,65,802,856,29,688
충청남도경찰청,충청남도,금산군,36.1088634036978,127.48797455592,1206,189,95,34,346,251,22,269
충청남도경찰청,충청남도,논산시,36.1871836043033,127.098734690891,3412,452,373,43,1118,634,33,759
충청남도경찰청,충청남도,당진시,36.8896748628647,126.645888436838,5909,748,314,131,1605,1542,97,1472
충청남도경찰청,충청남도,보령시,36.3333366887911,126.612759338779,2564,352,290,73,663,531,33,622
충청남도경찰청,충청남도,부여군,36.2757637166451,126.909772812745,1168,169,149,18,300,273,16,243
충청남도경찰청,충청남도,서산시,36.7848762954286,126.450333937447,5149,759,349,131,1547,1068,76,1219
충청남도경찰청,충청남도,서천군,36.080315550736,126.691852023308,1205,188,82,22,379,284,10,240
충청남도경찰청,충청남도,아산시,36.7899741676055,127.002509638233,10571,1538,1189,243,2964,2237,123,2277
충청남도경찰청,충청남도,예산군,36.6826228017861,126.848642241312,2381,287,183,54,746,463,94,554
충청남도경찰청,충청남도,천안시,36.8784484280168,127.154969215538,24779,3318,2942,635,8211,4094,292,5287
충청남도경찰청,충청남도,청양군,36.4592146952303,126.80220021685,779,103,66,9,215,230,10,146
충청남도경찰청,충청남도,태안군,36.7456046843605,126.297926066959,1890,330,122,42,513,423,25,435
충청남도경찰청,충청남도,홍성군,36.6013575607953,126.66083238915,2605,260,202,54,752,645,30,662
충청북도경찰청,충청북도,괴산군,36.8153571576607,127.786652163107,1076,129,42,23,459,167,12,244
충청북도경찰청,충청북도,단양군,36.98463262373,128.36553703024,590,106,38,15,137,133,10,151
충청북도경찰청,충청북도,보은군,36.4894353521302,127.729498803338,812,94,75,10,265,180,25,163
충청북도경찰청,충청북도,영동군,36.174992821265,127.783438619236,728,99,52,15,196,183,9,174
충청북도경찰청,충청북도,옥천군,36.3064355612681,127.571345042936,1399,163,100,29,509,243,18,337
충청북도경찰청,충청북도,음성군,36.9403218849121,127.690480041094,3470,485,418,54,977,854,60,622
충청북도경찰청,충청북도,제천시,37.1326577745507,128.19098500203,3510,421,408,63,1050,740,60,768
충청북도경찰청,충청북도,증평군,36.7854023677832,127.581539888445,675,103,75,19,139,154,4,181
충청북도경찰청,충청북도,진천군,36.8553861840184,127.435540612059,3274,442,250,54,1156,651,67,654
충청북도경찰청,충청북도,청주시,36.6289628005612,127.375861626467,25294,3153,3788,608,7400,4232,251,5862
충청북도경찰청,충청북도,충주시,36.9910490160221,127.925961035784,5613,726,611,151,1548,1191,68,1318
